{"width":1085.0,"height":813.0,"xCoord":223.1999969482422,"yCoord":58.400001525878906,"titles":["ben10","test11","test13"],"groups":["iiii","iiii","iv"],"contents":["","",""]}